large3,service_75,service_173
large3,service_256,service_110
large3,service_282,service_34
large3,service_87,service_97
large3,service_190,service_72
large3,service_77,service_122
large3,service_128,service_197
large3,service_6,service_33
large3,service_285,service_33
large3,service_108,service_8
large3,service_196,service_237
large3,service_171,service_147
large3,service_83,service_19
large3,service_298,service_237
large3,service_41,service_236
large3,service_287,service_236
large3,service_159,service_106
large3,service_277,service_156
large3,service_44,service_85
large3,service_155,service_280
large3,service_195,service_274
large3,service_212,service_241
large3,service_32,service_163
large3,service_27,service_146
large3,service_204,service_144
large3,service_39,service_144
large3,service_151,service_198
large3,service_299,service_45
large3,service_178,service_228
large3,service_113,service_208
large3,service_130,service_192
large3,service_88,service_231
large3,service_165,service_233
large3,service_194,service_225
storage3,service_25,service_216
large3,service_94,service_296
storage3,service_214,service_216
large3,service_268,service_117
large3,service_30,service_152
large3,service_0,service_294
large3,service_158,service_105
large3,service_181,service_215
large3,service_288,service_40
large3,service_15,service_63
large3,service_229,service_138
large3,service_269,service_141
large3,service_189,service_153
large3,service_71,service_153
large3,service_49,service_170
large3,service_251,service_168
large3,service_14,service_180
large3,service_116,service_93
large3,service_265,service_124
large3,service_121,service_264
large3,service_78,service_132
storage3,service_217,service_230
large3,service_125,service_284
large3,service_295,service_235
large3,service_79,service_220
large3,service_150,service_279
large3,service_291,service_69
large3,service_221,service_289
large3,service_226,service_111
large3,service_11,service_263
large3,service_119,service_99
large3,service_74,service_35
large3,service_76,service_22
large3,service_242,service_58
large3,service_73,service_271
large3,service_81,service_271
large3,service_65,service_271
large3,service_100,service_271
large3,service_89,service_21
large3,service_206,service_255
large3,service_258,service_21
large3,service_259,service_136
large3,service_133,service_145
large3,service_115,service_47
large3,service_297,service_84
large3,service_98,service_28
large3,service_23
storage3,service_184,service_104
large3,service_249,service_267
large3,service_246,service_82
large3,service_272,service_203
large3,service_95,service_56
large3,service_278,service_245
large3,service_154,service_179
large3,service_2,service_167
large3,service_31,service_232
large3,service_86,service_59
large3,service_182,service_59
large3,service_169,service_140
large3,service_102,service_16
large3,service_13,service_281
large3,service_149,service_91
large3,service_80,service_91
storage3,service_200,service_254
large3,service_52,service_91
large3,service_61,service_139
large3,service_166,service_227
large3,service_176,service_55
large3,service_126,service_10
large3,service_186
large3,service_46,service_53
large3,service_201,service_37
large3,service_172,service_92
large3,service_248,service_234
large3,service_101,service_161
large3,service_175,service_207
large3,service_261,service_207
large3,service_62,service_211
large3,service_191,service_29
large3,service_103,service_260
large3,service_142,service_244
large3,service_210,service_43
large3,service_129,service_222
large3,service_205,service_109
large3,service_57,service_238
large3,service_4,service_188
large3,service_70,service_60
large3,service_68,service_164
large3,service_1,service_54
large3,service_286,service_199
large3,service_262,service_257
large3,service_66,service_135
large3,service_18,service_120
large3,service_160,service_42
large3,service_185,service_3
large3,service_123,service_266
large3,service_26,service_266
large3,service_12,service_209
storage3,service_292,service_243
large3,service_293,service_218
large3,service_143,service_193
large3,service_247,service_187
large3,service_275,service_118
large3,service_240,service_5
large3,service_24,service_252
large3,service_17,service_239
large3,service_177,service_131
large3,service_224,service_64
large3,service_9,service_64
large3,service_36,service_50
large3,service_51,service_112
large3,service_127,service_7
large3,service_174,service_243
large3,service_20,service_183
large3,service_273,service_183
large3,service_290,service_253
large3,service_250,service_223
storage3,service_134
large3,service_67,service_219
large3,service_202,service_276
large3,service_213,service_157
large3,service_148,service_96
large3,service_107,service_157
large3,service_38,service_114
large3,service_90,service_162
storage3,service_48
large3,service_137,service_283
large3,service_270
